1	2	2	0.000542163848876953	0	0	1
2	2	2	0.000819206237792969	0	0	1
3	2	2	0.000779151916503906	0	0	1
4	2	2	0.000806093215942383	0	0	1
5	2	2	0.00077056884765625	0	0	1
6	2	2	0.000769615173339844	0	0	1
7	2	2	0.000984430313110352	0	0	1
8	2	2	0.000417232513427734	0	0	1
9	2	2	0.000789880752563477	0	0	1
10	2	2	0.000586032867431641	0	0	1
11	2	2	0.000494718551635742	0	0	1
12	2	2	0.000422000885009766	0	0	1
13	2	2	0.000513315200805664	0	0	1
14	2	2	0.000536680221557617	0	0	1
15	2	2	0.000416040420532227	0	0	1
16	2	2	0.000475645065307617	0	0	1
17	2	2	0.000481605529785156	0	0	1
18	2	2	0.00042271614074707	0	0	1
19	2	2	0.000409126281738281	0	0	1
20	2	2	0.000461816787719727	0	0	1
21	2	2	0.00040888786315918	0	0	1
22	2	2	0.000501632690429688	0	0	1
23	2	2	0.000570535659790039	0	0	1
24	2	2	0.000420570373535156	0	0	1
25	2	2	0.000506877899169922	0	0	1
26	2	2	0.000428199768066406	0	0	1
27	2	2	0.000278234481811523	0	0	1
28	2	2	0.00019073486328125	0	0	1
29	2	2	0.000237464904785156	0	0	1
30	2	2	0.000166654586791992	0	0	1
31	2	2	0.00017237663269043	0	0	1
32	2	2	0.000214338302612305	0	0	1
33	2	2	0.000176906585693359	0	0	1
34	2	2	0.000252246856689453	0	0	1
35	2	2	0.000238656997680664	0	0	1
36	2	2	0.000275373458862305	0	0	1
37	2	2	0.00016474723815918	0	0	1
38	2	2	0.000200986862182617	0	0	1
39	2	2	0.000261068344116211	0	0	1
40	2	2	0.000252008438110352	0	0	1
41	2	2	0.000136852264404297	0	0	1
42	2	2	0.000232219696044922	0	0	1
43	2	2	0.000137090682983398	0	0	1
44	2	2	0.000229835510253906	0	0	1
45	2	2	0.000173330307006836	0	0	1
46	2	2	0.000194787979125977	0	0	1
47	2	2	0.0001983642578125	0	0	1
48	2	2	0.000185251235961914	0	0	1
49	2	2	0.000163793563842773	0	0	1
50	2	2	0.000237464904785156	0	0	1
51	2	2	0.000210762023925781	0	0	1
52	2	2	0.000123500823974609	0	0	1
53	2	2	0.00027918815612793	0	0	1
54	2	2	0.000228643417358398	0	0	1
55	2	2	0.000176668167114258	0	0	1
56	2	2	0.000157594680786133	0	0	1
57	2	2	0.000204563140869141	0	0	1
58	2	2	0.000201940536499023	0	0	1
59	2	2	0.000151634216308594	0	0	1
60	2	2	0.000139236450195313	0	0	1
61	2	2	0.000281095504760742	0	0	1
62	2	2	0.000386238098144531	0	0	1
63	2	2	0.000358343124389648	0	0	1
64	2	2	0.000267744064331055	0	0	1
65	2	2	0.000148773193359375	0	0	1
66	2	2	0.00022435188293457	0	0	1
67	2	2	0.000172853469848633	0	0	1
68	2	2	0.000209808349609375	0	0	1
69	2	2	0.000174045562744141	0	0	1
70	2	2	0.000185012817382813	0	0	1
71	2	2	0.000142812728881836	0	0	1
72	2	2	0.000174045562744141	0	0	1
73	2	2	0.000207424163818359	0	0	1
74	2	2	0.000178337097167969	0	0	1
75	2	2	0.000218391418457031	0	0	1
76	2	2	0.000234603881835938	0	0	1
77	2	2	0.000169038772583008	0	0	1
78	2	2	0.000203132629394531	0	0	1
79	2	2	0.000188589096069336	0	0	1
80	2	2	0.000124692916870117	0	0	1
81	2	2	0.000168323516845703	0	0	1
82	2	2	0.000198125839233398	0	0	1
83	2	2	0.000222206115722656	0	0	1
84	2	2	0.000206232070922852	0	0	1
85	2	2	0.000176429748535156	0	0	1
86	2	2	0.000252008438110352	0	0	1
87	2	2	0.000167369842529297	0	0	1
88	2	2	0.000367164611816406	0	0	1
89	2	2	0.000184059143066406	0	0	1
90	2	2	0.000208377838134766	0	0	1
91	2	2	0.000149011611938477	0	0	1
92	2	2	0.00015568733215332	0	0	1
93	2	2	0.000189304351806641	0	0	1
94	2	2	0.000213623046875	0	0	1
95	2	2	0.000340461730957031	0	0	1
96	2	2	0.000160455703735352	0	0	1
97	2	2	0.000154972076416016	0	0	1
98	2	2	0.00014805793762207	0	0	1
99	2	2	0.000215053558349609	0	0	1
100	2	2	0.000113725662231445	0	0	1
1	3	5	0.00131368637084961	1	3	4
2	3	5	0.00132584571838379	1	3	4
3	3	5	0.00128602981567383	1	3	4
4	3	5	0.00127077102661133	1	3	4
5	3	5	0.00142884254455566	1	3	4
6	3	5	0.00144529342651367	1	3	4
7	3	5	0.00135684013366699	1	3	4
8	3	5	0.00170540809631348	1	3	4
9	3	5	0.0023651123046875	1	3	4
10	3	5	0.00159287452697754	1	3	4
11	3	5	0.000943660736083984	1	3	4
12	3	5	0.000929117202758789	1	3	4
13	3	5	0.000653743743896484	1	3	4
14	3	5	0.00132107734680176	1	3	4
15	3	5	0.00115418434143066	1	3	4
16	3	5	0.00167250633239746	1	3	4
17	3	5	0.00129318237304688	1	3	4
18	3	5	0.00173640251159668	1	3	4
19	3	5	0.00114965438842773	1	3	4
20	3	5	0.00169229507446289	1	3	4
21	3	5	0.00175905227661133	1	3	4
22	3	5	0.00266575813293457	1	3	4
23	3	5	0.00147604942321777	1	3	4
24	3	5	0.00339221954345703	1	3	4
25	3	5	0.00201153755187988	1	3	4
26	3	5	0.001251220703125	1	3	4
27	3	5	0.0012209415435791	1	3	4
28	3	5	0.00148892402648926	1	3	4
29	3	5	0.0012199878692627	1	3	4
30	3	5	0.0013573169708252	1	3	4
31	3	5	0.0013728141784668	1	3	4
32	3	5	0.00125360488891602	1	3	4
33	3	5	0.00123834609985352	1	3	4
34	3	5	0.00174760818481445	1	3	4
35	3	5	0.00134944915771484	1	3	4
36	3	5	0.00132942199707031	1	3	4
37	3	5	0.00172233581542969	1	3	4
38	3	5	0.00122714042663574	1	3	4
39	3	5	0.00119400024414063	1	3	4
40	3	5	0.00139117240905762	1	3	4
41	3	5	0.00144433975219727	1	3	4
42	3	5	0.00123238563537598	1	3	4
43	3	5	0.00120258331298828	1	3	4
44	3	5	0.00127959251403809	1	3	4
45	3	5	0.00119566917419434	1	3	4
46	3	5	0.00116467475891113	1	3	4
47	3	5	0.00139546394348145	1	3	4
48	3	5	0.00122261047363281	1	3	4
49	3	5	0.00121498107910156	1	3	4
50	3	5	0.0013728141784668	1	3	4
51	3	5	0.00118541717529297	1	3	4
52	3	5	0.00121736526489258	1	3	4
53	3	5	0.00119590759277344	1	3	4
54	3	5	0.00134038925170898	1	3	4
55	3	5	0.00131750106811523	1	3	4
56	3	5	0.00111246109008789	1	3	4
57	3	5	0.00183677673339844	1	3	4
58	3	5	0.00139260292053223	1	3	4
59	3	5	0.00180482864379883	1	3	4
60	3	5	0.00166034698486328	1	3	4
61	3	5	0.00132632255554199	1	3	4
62	3	5	0.00137877464294434	1	3	4
63	3	5	0.00200080871582031	1	3	4
64	3	5	0.00103855133056641	1	3	4
65	3	5	0.00124835968017578	1	3	4
66	3	5	0.00139451026916504	1	3	4
67	3	5	0.00120234489440918	1	3	4
68	3	5	0.00124263763427734	1	3	4
69	3	5	0.00131130218505859	1	3	4
70	3	5	0.00207710266113281	1	3	4
71	3	5	0.00131773948669434	1	3	4
72	3	5	0.00121307373046875	1	3	4
73	3	5	0.00120806694030762	1	3	4
74	3	5	0.00118708610534668	1	3	4
75	3	5	0.000998497009277344	1	3	4
76	3	5	0.0015709400177002	1	3	4
77	3	5	0.00155782699584961	1	3	4
78	3	5	0.00166225433349609	1	3	4
79	3	5	0.000853300094604492	1	3	4
80	3	5	0.00165033340454102	1	3	4
81	3	5	0.00171732902526855	1	3	4
82	3	5	0.000989198684692383	1	3	4
83	3	5	0.00166869163513184	1	3	4
84	3	5	0.00158309936523438	1	3	4
85	3	5	0.00118422508239746	1	3	4
86	3	5	0.00119733810424805	1	3	4
87	3	5	0.0018157958984375	1	3	4
88	3	5	0.00117588043212891	1	3	4
89	3	5	0.00158166885375977	1	3	4
90	3	5	0.00177979469299316	1	3	4
91	3	5	0.00129032135009766	1	3	4
92	3	5	0.00127267837524414	1	3	4
93	3	5	0.00119352340698242	1	3	4
94	3	5	0.000760555267333984	1	3	4
95	3	5	0.00157761573791504	1	3	4
96	3	5	0.000760555267333984	1	3	4
97	3	5	0.00116109848022461	1	3	4
98	3	5	0.00104331970214844	1	3	4
99	3	5	0.000759363174438477	1	3	4
100	3	5	0.0015254020690918	1	3	4
1	4	13	0.00616192817687988	15	13	8
2	4	12	0.00907206535339356	8	21	9
3	4	13	0.00684833526611328	12	15	8
4	4	12	0.00660109519958496	9	12	8
5	4	13	0.00666141510009766	15	13	8
6	4	13	0.00739383697509766	9	19	9
7	4	13	0.00866055488586426	11	19	8
8	4	12	0.00790977478027344	9	12	8
9	4	13	0.00802087783813477	15	13	8
10	4	13	0.00804591178894043	15	13	8
11	4	12	0.00809192657470703	6	17	13
12	4	13	0.00925111770629883	14	17	8
13	4	13	0.00928425788879395	11	21	8
14	4	13	0.00729870796203613	15	13	8
15	4	12	0.00788116455078125	8	16	8
16	4	12	0.00805187225341797	9	15	9
17	4	12	0.00688958168029785	9	12	8
18	4	12	0.00688624382019043	9	12	8
19	4	13	0.00957584381103516	7	29	8
20	4	12	0.00745940208435059	9	12	8
21	4	13	0.00986433029174805	12	15	9
22	4	13	0.00806164741516113	11	21	7
23	4	12	0.00836253166198731	7	25	9
24	4	13	0.00854659080505371	11	21	7
25	4	13	0.00426030158996582	11	21	7
26	4	13	0.00801205635070801	8	25	7
27	4	13	0.00521016120910645	7	29	8
28	4	11	0.00685620307922363	6	10	11
29	4	12	0.00916695594787598	9	15	10
30	4	12	0.00731110572814941	9	12	8
31	4	13	0.00842523574829102	8	23	8
32	4	12	0.00696516036987305	9	12	8
33	4	12	0.00736856460571289	9	12	8
34	4	12	0.00655817985534668	9	15	9
35	4	13	0.00685715675354004	15	13	8
36	4	12	0.00732541084289551	9	12	8
37	4	12	0.00863814353942871	8	16	8
38	4	13	0.00689864158630371	12	15	8
39	4	12	0.00638079643249512	9	12	8
40	4	13	0.00949263572692871	7	29	9
41	4	12	0.0069422721862793	9	12	8
42	4	12	0.00730967521667481	9	12	8
43	4	11	0.00288677215576172	6	10	11
44	4	13	0.00882792472839356	11	21	7
45	4	13	0.00742149353027344	14	17	8
46	4	12	0.00279664993286133	9	12	8
47	4	11	0.00278425216674805	6	10	11
48	4	11	0.00665378570556641	6	10	11
49	4	13	0.00335955619812012	12	15	8
50	4	13	0.00715065002441406	12	15	10
51	4	12	0.00772261619567871	9	12	8
52	4	12	0.00278186798095703	9	12	8
53	4	12	0.00735807418823242	8	16	8
54	4	12	0.00737738609313965	8	16	8
55	4	13	0.00374555587768555	12	15	9
56	4	13	0.00991153717041016	8	25	8
57	4	11	0.0053410530090332	6	10	11
58	4	12	0.00697875022888184	9	12	8
59	4	12	0.0083768367767334	7	25	9
60	4	13	0.0074455738067627	9	19	9
61	4	12	0.00839591026306152	8	16	8
62	4	13	0.00700283050537109	12	15	8
63	4	13	0.0101025104522705	10	25	7
64	4	13	0.00799369812011719	12	15	8
65	4	13	0.00933933258056641	8	23	10
66	4	13	0.00348138809204102	14	19	7
67	4	11	0.00530481338500977	6	10	11
68	4	13	0.0102522373199463	14	17	8
69	4	13	0.00339436531066895	14	17	8
70	4	11	0.00630259513854981	6	10	11
71	4	12	0.00856971740722656	8	19	9
72	4	13	0.00354695320129395	15	13	8
73	4	13	0.00748825073242188	11	19	8
74	4	13	0.00747394561767578	14	19	7
75	4	12	0.00710201263427734	9	12	8
76	4	13	0.0087435245513916	12	15	9
77	4	13	0.00344347953796387	14	19	7
78	4	12	0.00363349914550781	7	25	9
79	4	13	0.00812458992004395	8	25	8
80	4	13	0.00642609596252441	11	21	7
81	4	12	0.00745534896850586	8	19	10
82	4	12	0.00733661651611328	8	16	8
83	4	11	0.00531435012817383	6	10	11
84	4	13	0.00325894355773926	12	15	10
85	4	13	0.0044097900390625	9	19	8
86	4	12	0.00681281089782715	9	12	8
87	4	12	0.00661373138427734	7	25	9
88	4	13	0.00667166709899902	12	15	8
89	4	12	0.00298881530761719	9	12	8
90	4	12	0.00725913047790527	6	17	13
91	4	12	0.00577068328857422	9	12	8
92	4	13	0.00809049606323242	11	21	7
93	4	12	0.00675463676452637	9	12	8
94	4	12	0.00278091430664063	9	12	8
95	4	12	0.00588059425354004	8	16	8
96	4	12	0.00286746025085449	9	12	8
97	4	13	0.00556302070617676	12	15	10
98	4	12	0.00593018531799316	9	12	8
99	4	12	0.00582003593444824	6	17	13
100	4	12	0.00681376457214356	8	19	9
1	5	27	0.043053150177002	35	50	13
2	5	29	0.0513651371002197	52	61	12
3	5	29	0.053924560546875	59	62	12
4	5	29	0.0472071170806885	51	71	15
5	5	29	0.045048713684082	50	74	13
6	5	29	0.0479907989501953	47	70	12
7	5	29	0.0537893772125244	57	76	11
8	5	29	0.0538432598114014	55	73	13
9	5	29	0.0558433532714844	52	65	16
10	5	28	0.0514931678771973	48	63	13
11	5	26	0.0307996273040772	34	40	19
12	5	28	0.0529158115386963	43	73	12
13	5	28	0.0430035591125488	45	58	14
14	5	28	0.0411450862884522	45	51	17
15	5	29	0.0494749546051025	56	65	13
16	5	28	0.0341403484344482	44	50	15
17	5	26	0.028846263885498	33	35	14
18	5	28	0.0417551994323731	42	62	13
19	5	29	0.0532164573669434	62	61	12
20	5	29	0.0390560626983643	43	49	15
21	5	28	0.0437109470367432	33	75	14
22	5	26	0.0319452285766602	32	38	21
23	5	29	0.0490093231201172	55	59	13
24	5	27	0.0400774478912354	33	55	15
25	5	29	0.0293591022491455	56	58	13
26	5	29	0.0451278686523438	59	57	12
27	5	29	0.0279405117034912	51	65	13
28	5	29	0.0565786361694336	49	76	12
29	5	27	0.0281333923339844	44	44	17
30	5	29	0.0453460216522217	67	47	12
31	5	29	0.0471816062927246	64	51	12
32	5	28	0.0398526191711426	40	53	12
33	5	28	0.0530548095703125	42	74	12
34	5	29	0.0615963935852051	43	103	13
35	5	29	0.0298824310302734	51	78	11
36	5	29	0.028501033782959	57	76	13
37	5	29	0.0334737300872803	54	47	13
38	5	29	0.0325412750244141	50	71	11
39	5	29	0.0478346347808838	56	58	12
40	5	28	0.0452201366424561	33	70	17
41	5	29	0.0495009422302246	52	63	12
42	5	29	0.0508520603179932	51	62	15
43	5	28	0.0261974334716797	46	46	16
44	5	28	0.0318138599395752	45	43	17
45	5	29	0.0461587905883789	52	62	13
46	5	29	0.0618383884429932	48	98	12
47	5	28	0.0370509624481201	46	53	14
48	5	29	0.0381896495819092	48	53	13
49	5	29	0.0479400157928467	52	66	12
50	5	28	0.0302658081054688	44	74	12
51	5	29	0.029308557510376	47	82	14
52	5	29	0.0283987522125244	55	74	11
53	5	28	0.0241844654083252	50	48	12
54	5	26	0.0168664455413818	33	35	14
55	5	27	0.0321106910705566	42	49	15
56	5	29	0.0265069007873535	52	72	13
57	5	28	0.0226614475250244	53	64	13
58	5	29	0.0466327667236328	56	74	12
59	5	29	0.0457158088684082	47	69	12
60	5	27	0.0323629379272461	48	44	17
61	5	29	0.0451929569244385	60	56	11
62	5	29	0.0461764335632324	41	82	12
63	5	29	0.048691987991333	57	59	12
64	5	29	0.0315921306610107	52	74	12
65	5	28	0.0201246738433838	56	39	13
66	5	28	0.0362277030944824	38	57	19
67	5	29	0.0242681503295898	65	49	12
68	5	29	0.063889741897583	39	112	12
69	5	28	0.0358788967132568	50	52	12
70	5	28	0.0330743789672852	32	90	15
71	5	29	0.023700475692749	50	64	12
72	5	29	0.0343406200408936	59	44	15
73	5	29	0.0239937305450439	58	63	12
74	5	29	0.0374600887298584	61	54	15
75	5	29	0.0513916015625	56	77	11
76	5	28	0.0348198413848877	49	67	12
77	5	28	0.0270912647247314	57	58	12
78	5	29	0.0532650947570801	46	86	15
79	5	28	0.0181443691253662	44	46	12
80	5	28	0.0310139656066895	42	45	13
81	5	28	0.0331261157989502	50	42	12
82	5	29	0.0258560180664063	39	74	13
83	5	28	0.043377161026001	52	66	14
84	5	29	0.0228526592254639	54	62	11
85	5	28	0.035022497177124	35	57	13
86	5	28	0.0253336429595947	41	65	14
87	5	29	0.0244166851043701	58	60	12
88	5	29	0.0316250324249268	52	70	14
89	5	29	0.0253186225891113	69	54	13
90	5	29	0.02748703956604	60	58	11
91	5	29	0.0318770408630371	47	73	16
92	5	28	0.0257618427276611	38	74	12
93	5	28	0.039207935333252	53	48	12
94	5	29	0.0242066383361816	46	57	13
95	5	29	0.0390925407409668	54	78	11
96	5	28	0.0346324443817139	50	66	12
97	5	28	0.0369837284088135	42	69	13
98	5	29	0.0400092601776123	59	49	12
99	5	28	0.0363245010375977	51	72	14
100	5	28	0.0403900146484375	43	68	12
1	6	61	0.23729681968689	157	178	18
2	6	60	0.312636375427246	185	206	18
3	6	61	0.217936754226685	225	171	16
4	6	61	0.369625806808472	253	203	16
5	6	61	0.542165756225586	185	321	17
6	6	61	0.384032964706421	214	212	16
7	6	61	0.293337345123291	208	158	16
8	6	61	0.249896764755249	178	278	16
9	6	59	0.32082462310791	167	223	19
10	6	61	0.370192527770996	201	230	16
11	6	60	0.333323955535889	160	236	17
12	6	61	0.355467081069946	207	178	18
13	6	61	0.331286907196045	186	210	16
14	6	61	0.390164613723755	194	238	16
15	6	60	0.320719003677368	187	195	19
16	6	61	0.332618474960327	238	191	16
17	6	60	0.278034210205078	178	191	17
18	6	61	0.380419731140137	204	251	18
19	6	61	0.421446800231934	227	212	17
20	6	61	0.413294553756714	237	190	16
21	6	61	0.205375194549561	216	173	18
22	6	61	0.196882009506226	216	190	18
23	6	61	0.267668724060059	222	192	17
24	6	60	0.267604827880859	162	232	18
25	6	61	0.276526689529419	193	178	19
26	6	61	0.1447434425354	190	153	19
27	6	61	0.192328929901123	196	193	17
28	6	61	0.229235172271729	212	201	16
29	6	61	0.249495506286621	168	229	18
30	6	61	0.126556634902954	198	183	17
31	6	61	0.151659250259399	194	218	17
32	6	61	0.324201583862305	184	272	16
33	6	61	0.26640796661377	218	153	20
34	6	60	0.246036767959595	224	157	19
35	6	61	0.246092557907105	224	208	16
36	6	61	0.291254997253418	217	168	16
37	6	61	0.367180109024048	214	230	17
38	6	61	0.240458726882935	198	169	19
39	6	61	0.311052083969116	192	250	17
40	6	61	0.261780023574829	183	183	17
41	6	60	0.190829515457153	209	203	17
42	6	60	0.137869834899902	179	164	20
43	6	60	0.258645296096802	176	196	18
44	6	61	0.299883127212524	202	198	17
45	6	61	0.191151857376099	178	158	17
46	6	60	0.181605339050293	182	192	18
47	6	60	0.224057197570801	178	131	21
48	6	60	0.283091306686401	159	201	18
49	6	61	0.271769523620605	204	192	16
50	6	61	0.107903718948364	231	114	19
51	6	61	0.357854604721069	241	170	17
52	6	59	0.257189512252808	175	155	21
53	6	60	0.141452550888062	202	152	20
54	6	60	0.182046413421631	181	242	18
55	6	61	0.430012941360474	197	285	18
56	6	61	0.203773498535156	178	246	16
57	6	61	0.148202657699585	201	183	18
58	6	61	0.162932872772217	204	158	16
59	6	61	0.312680244445801	214	175	17
60	6	60	0.149030923843384	155	231	18
61	6	60	0.242214441299438	222	167	20
62	6	60	0.392993211746216	208	229	19
63	6	60	0.143055200576782	197	202	19
64	6	61	0.387841463088989	211	254	16
65	6	60	0.209555625915527	130	167	19
66	6	61	0.135786771774292	211	187	16
67	6	61	0.375239133834839	208	185	17
68	6	61	0.3034508228302	204	206	18
69	6	61	0.332795858383179	247	207	17
70	6	60	0.21017336845398	174	146	18
71	6	61	0.254008769989014	220	146	17
72	6	61	0.259175539016724	257	177	17
73	6	61	0.362592697143555	189	206	20
74	6	59	0.125621318817139	169	176	18
75	6	61	0.226560831069946	212	215	18
76	6	59	0.19381856918335	149	146	21
77	6	61	0.370818853378296	228	217	17
78	6	59	0.25164794921875	146	203	21
79	6	61	0.221757173538208	228	186	17
80	6	61	0.366740465164185	235	186	19
81	6	61	0.188300848007202	153	299	16
82	6	61	0.196436405181885	174	253	20
83	6	61	0.127499580383301	167	195	17
84	6	61	0.23119044303894	213	285	18
85	6	61	0.341727256774902	207	208	16
86	6	61	0.279008388519287	235	159	18
87	6	61	0.130605459213257	176	199	18
88	6	60	0.201306819915771	213	229	19
89	6	60	0.173430442810059	206	145	17
90	6	61	0.149053812026978	254	164	18
91	6	61	0.242082834243774	164	186	18
92	6	59	0.254760265350342	181	182	20
93	6	61	0.313866376876831	188	259	16
94	6	61	0.196623086929321	201	268	16
95	6	61	0.181042909622192	203	217	16
96	6	60	0.173108816146851	227	205	17
97	6	61	0.151866912841797	200	219	16
98	6	60	0.159317016601563	165	236	21
99	6	61	0.190548419952393	218	213	19
100	6	61	0.177379608154297	260	171	16
1	7	125	3.6326847076416	869	684	22
2	7	125	3.98912119865418	795	751	23
3	7	125	1.74006128311157	779	633	23
4	7	125	1.29530620574951	589	563	23
5	7	125	1.19495129585266	546	529	23
6	7	125	2.32592868804932	838	663	22
7	7	124	2.77457523345947	676	660	24
8	7	124	2.09252095222473	818	494	23
9	7	123	1.85806608200073	592	534	24
10	7	125	2.87617969512939	763	636	22
11	7	125	3.72564625740051	856	609	23
12	7	124	1.36139559745789	705	469	25
13	7	125	1.51438641548157	615	608	23
14	7	125	2.08293032646179	714	631	22
15	7	124	2.26025676727295	784	738	27
16	7	125	1.83458232879639	688	491	24
17	7	125	2.24991059303284	640	715	22
18	7	124	2.58014249801636	670	635	23
19	7	125	3.8043384552002	792	770	22
20	7	125	1.72831988334656	514	628	22
21	7	125	1.5535831451416	746	708	23
22	7	125	1.63509941101074	698	658	22
23	7	125	1.55422234535217	570	782	23
24	7	125	1.9007670879364	767	709	23
25	7	125	0.965720415115356	597	551	25
26	7	125	3.14919757843018	765	774	22
27	7	125	1.6763277053833	683	856	22
28	7	125	1.83829045295715	673	817	22
29	7	123	1.02071857452393	574	546	28
30	7	125	1.4754421710968	747	581	24
31	7	125	1.73105216026306	771	690	22
32	7	125	1.61306428909302	543	560	22
33	7	125	1.51545572280884	717	721	24
34	7	125	2.60667395591736	733	626	24
35	7	125	1.26694869995117	665	617	24
36	7	125	0.812176704406738	558	527	22
37	7	125	3.79649543762207	819	785	23
38	7	124	1.8561487197876	668	776	29
39	7	125	1.76121044158936	703	760	22
40	7	125	1.43063378334045	681	675	23
41	7	124	1.18257188796997	647	587	23
42	7	125	1.19365549087524	608	612	25
43	7	125	1.42868614196777	760	610	23
44	7	125	1.65398240089417	806	659	22
45	7	124	1.4810311794281	671	686	24
46	7	125	1.13245868682861	679	546	22
47	7	125	3.65993642807007	799	765	22
48	7	125	1.24460434913635	735	645	23
49	7	125	1.95173716545105	687	445	22
50	7	125	1.64454793930054	712	756	22
51	7	125	1.96779990196228	842	757	22
52	7	125	1.27044129371643	717	515	24
53	7	125	1.66954851150513	715	695	24
54	7	125	2.86008238792419	750	628	24
55	7	123	1.5354950428009	726	644	26
56	7	124	0.875488758087158	604	523	26
57	7	125	1.25350737571716	774	539	23
58	7	125	1.06634902954102	605	644	22
59	7	125	2.31982707977295	637	612	23
60	7	124	1.86252045631409	612	571	25
61	7	125	1.55628681182861	851	649	22
62	7	125	1.88801264762878	783	735	22
63	7	123	0.60643482208252	530	395	30
64	7	125	1.78842091560364	596	491	23
65	7	125	1.55681681632996	718	691	24
66	7	125	3.06975865364075	770	704	23
67	7	125	1.33797430992126	735	688	23
68	7	125	0.792024612426758	538	595	22
69	7	125	1.76327419281006	729	662	25
70	7	125	2.78511452674866	787	696	23
71	7	125	1.45502066612244	823	579	22
72	7	125	1.67950916290283	588	585	22
73	7	124	1.60894680023193	801	609	24
74	7	125	2.0396945476532	759	861	22
75	7	125	1.2534441947937	579	722	23
76	7	125	1.51729393005371	756	633	25
77	7	124	1.47550940513611	756	589	23
78	7	125	1.16253352165222	692	499	23
79	7	125	1.73580455780029	645	700	23
80	7	125	2.02741742134094	739	736	22
81	7	125	1.82602572441101	803	776	23
82	7	124	1.89344263076782	634	844	24
83	7	124	1.99223828315735	608	692	25
84	7	124	1.17233681678772	657	651	24
85	7	124	1.54273009300232	645	733	23
86	7	125	2.51319050788879	707	755	22
87	7	125	2.23675179481506	761	739	22
88	7	125	2.11598753929138	695	743	22
89	7	125	1.8390839099884	828	549	23
90	7	125	1.38457226753235	694	709	23
91	7	125	1.49020934104919	726	682	25
92	7	124	1.67628836631775	736	704	24
93	7	125	1.95855569839478	729	733	22
94	7	125	1.11610460281372	660	581	23
95	7	125	1.47259569168091	777	640	22
96	7	124	1.04885292053223	550	403	28
97	7	125	1.14709186553955	672	525	23
98	7	125	1.5410521030426	795	591	25
99	7	124	1.4332320690155	638	591	23
100	7	125	1.53533387184143	778	572	23
1	8	253	11.6095972061157	2127	2014	29
2	8	253	25.3630702495575	2728	1591	31
3	8	252	12.1230673789978	2133	1992	32
4	8	253	11.6517150402069	2392	1714	30
5	8	253	24.5563404560089	2344	2136	29
6	8	253	14.4005417823792	2614	1778	31
7	8	253	17.6220977306366	2640	2138	29
8	8	253	22.0956482887268	2721	2626	30
9	8	253	27.0654430389404	2161	2213	31
10	8	253	24.2403824329376	2366	1893	29
11	8	253	8.99060916900635	2146	1713	29
12	8	253	15.2734956741333	2438	2364	29
13	8	253	26.2235908508301	2575	1851	29
14	8	253	15.9750108718872	2858	2149	29
15	8	253	9.78814387321472	2084	1911	31
16	8	253	37.1535475254059	2876	2259	30
17	8	251	11.931161403656	2378	1973	32
18	8	253	12.7710378170013	2311	1974	29
19	8	253	32.8727190494537	2502	2323	29
20	8	253	17.2777979373932	2677	2043	30
21	8	253	23.9376225471497	2329	1993	30
22	8	253	26.2434284687042	2506	2134	30
23	8	253	19.1636214256287	2691	2312	29
24	8	253	16.1009058952332	2561	2129	29
25	8	253	22.7978227138519	2310	1812	29
26	8	253	22.5741837024689	2767	2762	29
27	8	253	13.6091363430023	2442	2115	29
28	8	253	14.6242218017578	2496	2043	31
29	8	252	14.2967493534088	2545	1901	33
30	8	250	11.2849388122559	2160	2114	39
31	8	252	13.7728142738342	2730	1811	31
32	8	252	14.3811311721802	2413	2007	30
33	8	253	15.9979374408722	2800	2008	30
34	8	252	21.0796053409576	2771	2572	30
35	8	253	20.3571903705597	2810	2500	37
36	8	253	15.7231056690216	2560	2156	30
37	8	252	19.7740550041199	2904	2405	30
38	8	253	16.345529794693	2606	2208	29
39	8	253	13.3250703811646	2527	2159	29
40	8	253	19.823578119278	2792	2724	30
41	8	253	36.9722108840942	2938	2252	29
42	8	253	13.7344627380371	2437	2268	29
43	8	253	20.1137907505035	2749	2384	30
44	8	253	25.2577600479126	2305	2026	29
45	8	253	45.0508177280426	2819	2708	29
46	8	253	25.7988750934601	2516	1938	29
47	8	252	18.4121053218842	2222	1825	30
48	8	253	24.6274027824402	2818	2363	29
49	8	252	8.58257031440735	2039	1657	32
50	8	253	30.2477190494537	2786	2232	30
51	8	253	16.6921417713165	2479	2497	30
52	8	253	38.702508687973	2934	2075	30
53	8	253	30.095495223999	2590	2063	29
54	8	252	16.6087486743927	2320	2379	30
55	8	253	15.6951005458832	2746	2138	31
56	8	252	13.7020585536957	2183	2406	30
57	8	253	14.2468750476837	2416	2052	29
58	8	253	19.1926119327545	2309	2968	29
59	8	253	25.6207869052887	2146	2323	29
60	8	253	14.3116600513458	2723	1909	31
61	8	253	15.0530092716217	2688	2444	30
62	8	253	16.1922283172607	2891	1946	29
63	8	252	10.5970349311829	2253	2080	33
64	8	253	17.9678988456726	2595	2387	31
65	8	253	14.2637457847595	2862	1870	29
66	8	252	37.6921365261078	2842	2477	31
67	8	253	13.0124349594116	2437	2132	29
68	8	252	18.0821945667267	2918	2168	32
69	8	253	13.3262164592743	2448	2100	31
70	8	253	15.4755208492279	2496	2312	29
71	8	253	30.4724972248077	2848	2219	31
72	8	253	12.3766720294952	2178	2415	30
73	8	253	17.3416318893433	2791	2237	29
74	8	253	16.7065348625183	2414	1990	31
75	8	253	7.58773636817932	1823	1790	29
76	8	253	13.5962235927582	2584	1937	29
77	8	253	28.9981637001038	2803	2554	29
78	8	253	17.8208653926849	2528	2541	29
79	8	253	21.4606287479401	2444	2374	29
80	8	252	10.9645202159882	2375	1796	33
81	8	253	11.2034516334534	2604	1597	29
82	8	253	16.0519814491272	2595	2151	30
83	8	253	11.8790545463562	2445	1992	30
84	8	253	11.860755443573	2047	2019	30
85	8	251	20.3598582744598	2472	2561	37
86	8	253	11.9335467815399	2497	1965	30
87	8	253	20.983092546463	2700	2293	30
88	8	253	16.3061988353729	2493	2107	31
89	8	253	20.9025025367737	2598	2193	30
90	8	253	16.1851818561554	2745	2306	30
91	8	252	20.1449072360992	2646	2234	30
92	8	253	21.4065268039703	2617	2564	30
93	8	252	19.691638469696	2662	2260	30
94	8	253	19.7822396755219	2719	2578	29
95	8	253	13.8254272937775	2375	2279	31
96	8	253	12.172563791275	2472	1914	30
97	8	253	12.9754838943481	2512	1773	33
98	8	253	19.0017852783203	2800	2430	30
99	8	253	14.3751261234283	2468	2071	32
100	8	252	17.1036314964294	2933	2135	30
1	9	509	118.431382656097	8310	6536	37
2	9	509	143.327138662338	8337	6868	38
3	9	509	155.820230960846	8678	6861	37
4	9	509	166.918417215347	9187	7530	37
5	9	509	168.437016248703	9493	7231	39
6	9	509	169.450089931488	9697	7231	38
7	9	509	170.944799423218	9067	7979	37
8	9	509	172.532790899277	8570	7365	39
9	9	509	177.009425878525	8694	7593	38
10	9	509	181.871638059616	10142	7183	37
11	9	509	185.108249425888	9260	7372	37
12	9	509	194.005418300629	9971	6676	37
13	9	509	206.268562555313	9616	8617	38
14	9	509	214.838042259216	9952	7924	39
15	9	509	218.09490442276	9860	7812	37
16	9	509	247.750395059586	7581	6662	37
17	9	509	97.9725122451782	7531	5988	37
18	9	509	285.604864597321	8557	7174	37
19	9	509	155.71447467804	8591	7683	37
20	9	509	133.501200199127	8103	6793	37
21	9	509	128.663501024246	7681	7020	37
22	9	509	209.519433259964	9231	7138	37
23	9	509	157.168231010437	8510	6643	39
24	9	508	341.049721002579	9405	7337	38
25	9	509	180.230106592178	8900	6980	37
26	9	509	354.304867744446	9111	7169	38
27	9	509	364.398281574249	8951	7957	38
28	9	508	146.458057165146	8773	6783	38
29	9	508	369.981591701508	10235	7297	38
30	9	509	186.655320882797	9043	7978	38
31	9	509	204.214612722397	9761	6952	37
32	9	509	201.990699529648	9193	7653	37
33	9	509	222.223680734634	8897	8252	39
34	9	509	213.80345082283	9803	7809	37
35	9	509	382.265058279038	9718	8114	37
36	9	508	167.450978755951	9363	7706	41
37	9	509	384.702456951141	9369	8351	37
38	9	509	180.517106533051	8700	8277	37
39	9	509	388.344101905823	10152	7519	37
40	9	509	446.846647500992	9529	9646	37
41	9	509	191.839420557022	9714	7704	39
42	9	509	147.248721837997	8450	7371	37
43	9	509	228.408481359482	9184	7333	39
44	9	509	144.007645368576	8989	6451	39
45	9	509	179.95449757576	9292	7255	37
46	9	509	203.276037931442	8607	7468	37
47	9	509	163.222506523132	8780	7585	37
48	9	508	210.167448043823	9759	8476	38
49	9	509	205.160297870636	10245	7887	37
50	9	509	238.477130174637	10462	7842	38
51	9	508	106.416675329208	8076	6375	40
52	9	509	107.175687551498	7979	6173	37
53	9	509	135.385169744492	8614	6773	37
54	9	509	137.323094844818	8094	7171	40
55	9	509	137.681802511215	7763	7330	37
56	9	508	140.338005065918	8189	6626	40
57	9	508	150.837372779846	8826	6583	42
58	9	509	161.96208024025	9218	7343	37
59	9	509	165.563403844833	9755	6747	38
60	9	508	182.872285604477	8812	7787	40
61	9	508	190.396573781967	9947	6712	39
62	9	509	197.063911914825	8806	7534	37
63	9	509	207.303321123123	10877	7163	39
64	9	509	218.986871957779	9687	7549	38
65	9	509	224.899195671082	9576	9222	38
66	9	509	278.656401634216	7972	7516	38
67	9	509	185.057242155075	9346	7846	37
68	9	509	186.949158191681	9198	7972	39
69	9	509	156.837839126587	8821	7210	38
70	9	509	299.808336734772	7973	8572	40
71	9	509	171.707366943359	8758	7511	37
72	9	509	150.441743850708	7983	7502	37
73	9	509	319.213031053543	9195	7500	38
74	9	509	319.345762014389	9078	7005	38
75	9	509	319.585147619247	8787	7060	37
76	9	509	191.330356836319	8395	7924	38
77	9	509	181.82452750206	9004	7204	37
78	9	509	139.053625583649	8152	6339	37
79	9	509	133.396967172623	8381	6800	37
80	9	509	179.560117006302	9669	7475	37
81	9	509	346.838538885117	8786	7963	37
82	9	509	165.812153100967	8425	7610	37
83	9	509	359.994861125946	9449	7099	38
84	9	509	230.977346897125	10100	8895	37
85	9	509	387.221129894257	10402	7640	37
86	9	508	390.610649824142	9220	8903	41
87	9	509	399.994792938232	10042	8218	37
88	9	508	177.660583019257	8794	8187	39
89	9	508	111.982018947601	8413	5976	42
90	9	509	222.79091334343	10365	8227	37
91	9	509	124.175981998444	7954	6527	37
92	9	509	120.490533351898	7366	6574	37
93	9	509	151.717321634293	7222	6319	38
94	9	509	220.225423574448	10527	7771	37
95	9	509	143.749245643616	8589	6701	37
96	9	508	129.452394008636	8860	6311	38
97	9	509	156.816109895706	9002	7454	37
98	9	509	160.146935462952	8838	7229	39
99	9	509	179.947182416916	9733	6999	38
100	9	509	194.267323493958	9955	7201	38
1	10	1020	2505.49921703339	28840	23338	47
2	10	1021	1640.8533244133	29501	23386	46
3	10	1021	2067.87782168388	33094	25355	46
4	10	1021	3098.47710704803	35367	26235	47
5	10	1019	1731.8340215683	29731	25064	49
6	10	1020	1866.36125564575	30825	26066	49
7	10	1020	2654.97074127197	36743	27336	48
8	10	1021	1976.37536239624	31827	24835	46
9	10	1020	1114.39613366127	27050	22710	48
10	10	1020	1922.62770652771	32473	25701	50
11	10	1021	2838.20968341827	33514	24785	46
12	10	1021	2887.09390807152	34822	23778	46
13	10	1020	1635.29135847092	30649	23209	47
14	10	1021	2306.35348176956	31094	23491	46
15	10	1021	2680.73516440392	36289	27604	46
16	10	1021	2811.43626332283	35078	27239	47
17	10	1020	2231.11087346077	35377	26339	47
18	10	1020	2348.5537173748	35729	28689	48
19	10	1020	2845.58401179314	31557	29786	49
20	10	1021	1793.57402563095	30671	25747	46
21	10	1021	1754.79728865623	30377	23260	46
22	10	1021	1827.53415250778	31162	25471	46
23	10	1021	1939.17388439178	34033	24198	47
24	10	1021	2806.27534866333	37245	25606	46
25	10	1021	1631.71759343147	31952	23341	46
26	10	1021	2229.17358779907	32003	26151	47
27	10	1021	2712.59769392014	35783	27348	46
28	10	1021	3357.99528408051	37218	26413	48
29	10	1021	1614.45910954475	30011	25153	46
30	10	1021	2118.99687814713	33814	27426	46
31	10	1021	2388.39903950691	35282	25667	47
32	10	1021	2811.3069691658	33089	28085	46
33	10	1020	1921.94124126434	25366	20123	49
34	10	1021	1222.72830986977	27081	23574	47
35	10	1021	2093.09195375443	30970	27571	46
36	10	1021	2157.76288628578	35019	25687	47
37	10	1021	1150.38602375984	25739	20814	51
38	10	1021	1703.81696581841	31477	24905	47
39	10	1021	2033.51883649826	33002	25560	46
40	10	1021	2509.93005657196	34035	28078	46
41	10	1021	2245.14637112618	35272	25735	46
42	10	1021	2685.42749261856	32649	26515	46
43	10	1021	2761.97254610062	31346	26265	46
44	10	1021	3487.65305876732	35343	28019	47
45	10	1020	1221.41507220268	26718	23236	48
46	10	1020	2804.47102046013	31165	26590	48
47	10	1021	2237.44251275063	30530	25887	46
48	10	1021	2697.08781218529	31819	23112	46
49	10	1021	1184.5953142643	27321	21232	47
50	10	1021	2257.06887245178	32183	26859	47
51	10	1021	2673.3376750946	33519	25564	46
52	10	1021	2914.27494192123	34202	24762	46
53	10	1021	1705.29088926315	32759	22941	48
54	10	1021	1993.67406702042	33482	24692	47
55	10	1021	2566.1660656929	31809	23034	46
56	10	1021	2673.98064041138	31394	23809	46
57	10	1020	2360.40111923218	35025	27276	47
58	10	1021	2165.25068688393	33019	26704	46
59	10	1021	2256.2860455513	34748	27264	47
60	10	1021	2461.86807227135	35858	28291	46
61	10	1021	1457.98885393143	24226	19775	47
62	10	1021	1600.04298710823	32304	21795	46
63	10	1021	2006.84176254272	33620	25036	47
64	10	1021	2597.21057653427	35200	27231	46
65	10	1020	2155.02123308182	33167	24581	48
66	10	1021	2430.38881015778	36357	26295	48
67	10	1021	2460.58270907402	31234	24784	46
68	10	1021	2875.0307803154	34946	25655	47
69	10	1021	1546.58673405647	31475	23894	46
70	10	1021	1852.25467514992	31793	25932	47
71	10	1021	2028.64360356331	32408	26475	47
72	10	1021	2734.61757063866	35275	25092	47
73	10	1021	2040.8295404911	33684	26211	46
74	10	1021	2239.48881936073	33729	26503	47
75	10	1021	3263.14529752731	34494	28465	46
76	10	1021	941.224003076553	24438	20423	46
77	10	1021	2075.98809885979	27504	22613	47
78	10	1021	2171.00778365135	30476	23521	47
79	10	1021	2530.41855430603	33405	29007	48
80	10	1021	3033.74929428101	35210	27453	46
81	10	1021	1786.47259998322	28897	20340	46
82	10	1021	2191.79047203064	34925	25340	46
83	10	1021	2648.81831812859	31692	26962	52
84	10	1021	2735.07657575607	33888	24194	46
85	10	1021	2222.46900033951	35166	25317	46
86	10	1021	2493.51260519028	32660	23889	51
87	10	1021	2636.72362852097	32335	23649	46
88	10	1021	2730.37222647667	32884	24385	47
89	10	1021	1918.11128759384	32094	24374	46
90	10	1021	1932.66581964493	31067	24572	46
91	10	1021	2511.34602403641	30589	22829	47
92	10	1021	2671.0219886303	32152	24653	47
93	10	1021	2019.5452709198	32917	25297	47
94	10	1021	2427.57852602005	36040	27733	46
95	10	1021	2631.85709285736	30912	25611	46
96	10	1021	2673.22177433968	31781	26751	47
97	10	1021	2137.59401988983	33610	27219	46
98	10	1021	2278.83719277382	35071	26847	47
99	10	1021	2674.51262807846	31784	25145	48
100	10	1021	2911.33455038071	35740	25549	46
1	11	2045	14207.598695755	102364	71510	61
2	11	2045	18284.2326569557	115138	77912	57
3	11	2045	22291.763528347	121350	81472	57
4	11	2045	23992.7168586254	119950	89918	59
5	11	2045	25740.3599557877	128375	91067	56
6	11	2045	26899.968770504	127800	87004	56
7	11	2045	27614.2275836468	123962	94063	56
8	11	2045	27906.7674262524	128058	89636	56
9	11	2045	30083.0155091286	130610	95229	56
10	11	2045	32333.397217989	137121	95595	56
11	11	2045	14736.4991669655	102347	76119	56
12	11	2045	17130.6847865582	105193	81224	56
13	11	2045	19231.2189595699	104800	84790	59
14	11	2045	23765.9907295704	116920	91070	56
15	11	2045	23811.7649962902	120025	95202	57
16	11	2045	24540.9925372601	123929	87457	56
17	11	2045	26127.2242591381	123090	93451	57
18	11	2045	27382.2868831158	126725	89889	56
19	11	2045	28047.4366674423	127826	96960	56
20	11	2045	32097.5525355339	137310	96999	56
21	11	2045	20810.1678264141	111510	86199	57
22	11	2045	22774.879532814	119699	87355	56
23	11	2045	23433.6114375591	116529	88472	56
24	11	2045	24701.7721028328	127089	85934	57
25	11	2045	25642.3317790031	117499	93690	56
26	11	2045	25671.6070299149	121590	87798	58
27	11	2045	27535.6353514195	128339	90333	56
28	11	2045	29053.9607965946	120670	95036	56
29	11	2045	31512.7644872665	130712	104790	57
30	11	2045	31560.6039946079	133968	94979	56
31	11	2045	19028.8806116581	110585	87469	59
32	11	2045	20225.8924710751	114584	81467	56
33	11	2045	25694.4128315449	122760	90046	56
34	11	2045	25895.2808117867	118227	90989	57
35	11	2045	25962.1898498535	125069	86836	56
36	11	2045	26317.3135247231	126269	89960	56
37	11	2045	26534.1483271122	120008	91744	56
38	11	2045	29051.7311468124	135329	90231	56
39	11	2045	29163.7959034443	127706	95992	57
40	11	2045	31268.5225260258	129122	92283	57
41	11	2045	18425.4562337399	108528	81939	56
42	11	2045	20051.1151082516	110791	87327	56
43	11	2045	21542.3354027271	114972	88728	56
44	11	2045	22084.0020468235	115540	84854	56
45	11	2045	22631.1074094772	112757	90975	56
46	11	2045	24816.3374781609	125210	85670	56
47	11	2044	26833.4222004414	122767	93022	59
48	11	2044	27748.537276268	130292	88202	57
49	11	2044	28108.4804079533	132268	91859	57
50	11	2045	31892.8775119782	134731	96074	57
51	11	2045	20276.3163330555	116355	81362	56
52	11	2045	20667.1623785496	114749	83456	56
53	11	2045	21870.4677278996	116165	80946	56
54	11	2045	23470.3533492088	115145	86853	58
55	11	2045	24327.921271801	118253	92784	56
56	11	2045	25519.0556225777	123043	85366	59
57	11	2045	26470.7039391994	120954	94279	56
58	11	2045	26719.3941013813	120074	94228	58
59	11	2045	27501.6861927509	119289	97176	57
60	11	2044	33951.2831201553	141745	97339	58
61	11	2045	19263.9761035442	112651	82195	56
62	11	2045	19689.7234642506	119858	78295	56
63	11	2045	20359.1824991703	108856	87946	56
64	11	2045	20398.8230099678	111815	84716	56
65	11	2045	24948.7316350937	120976	92093	56
66	11	2045	25018.733533144	120735	88972	57
67	11	2045	26095.6742124558	121847	93326	56
68	11	2045	27460.3057696819	131774	90341	56
69	11	2045	27883.4267325401	128907	97292	56
70	11	2045	29979.1701705456	130371	94838	56
71	11	2045	13794.7572491169	104602	71132	56
72	11	2045	21684.6586956978	111981	82699	57
73	11	2045	24457.0363638401	118915	87584	57
74	11	2045	25808.6961438656	119798	92873	57
75	11	2045	26382.7176201344	125042	86927	57
76	11	2045	27825.3816974163	127559	91885	56
77	11	2045	28410.3817813396	125125	93191	56
78	11	2045	30693.8539140224	130709	96603	56
79	11	2045	31369.3104536533	133071	98203	58
80	11	2045	31502.0635025501	131304	98944	56
81	11	2045	18853.4660227299	110887	84701	56
82	11	2045	20441.696959734	115458	89212	56
83	11	2045	22835.7640640736	116190	91045	57
84	11	2045	22900.6703443527	118506	96144	56
85	11	2045	23711.1889331341	124101	85409	57
86	11	2044	20031.4386639595	117556	87622	58
87	11	2045	23592.6314079762	123558	83835	56
88	11	2045	23955.5715942383	112216	95780	56
89	11	2045	25361.1726918221	126360	94061	58
90	11	2045	27074.2668068409	131331	91342	56
91	11	2045	19189.4341242313	111478	85311	57
92	11	2045	20397.5649476051	109679	86511	58
93	11	2045	26053.9695789814	125928	96882	58
94	11	2045	26729.2993896008	126538	100344	57
95	11	2045	29238.867866993	133850	97733	56
96	11	2045	19854.4656074047	111076	82492	57
97	11	2044	20347.0178117752	115989	83246	59
98	11	2044	23556.2258751392	119394	90116	57
99	11	2045	25841.9443790913	122761	92131	58
100	11	2045	26782.0747909546	120246	90589	56
